子分類,中文名稱,English Prompt
情緒氣質,親密,intimate and emotionally close
情緒氣質,孤寂,quiet solitude
情緒氣質,蒼涼,desolate and windswept
情緒氣質,憂鬱,melancholic
情緒氣質,壓抑,oppressive and emotionally restrained
情緒氣質,不祥,quietly ominous
情緒氣質,夢幻,luminous dreamlike atmosphere
情緒氣質,空靈,ethereal and weightless
情緒氣質,神聖,sacred and reverent
情緒氣質,奢華,restrained luxury
情緒氣質,危險誘惑,dangerously alluring
情緒氣質,慵懶,languid and unhurried
情緒氣質,生活感,lived-in everyday warmth
情緒氣質,荒謬幽默,subtle absurdist humor
情緒氣質,懷舊,nostalgic and timeworn
情緒氣質,迷幻,hypnotic and surreal
情緒氣質,寧靜,serene and contemplative
情緒氣質,緊繃,tense restrained atmosphere
時間停駐與事件餘韻,屏息的瞬間,"an emotionally suspended moment, as if the entire scene is holding its breath"
時間停駐與事件餘韻,話語之前,the fragile silence just before someone finally speaks
時間停駐與事件餘韻,話語之後,the heavy stillness after something irreversible has just been said
時間停駐與事件餘韻,音樂散場後,the lingering quiet after the music has stopped and the room has begun to empty
時間停駐與事件餘韻,雨剛停,the damp reflective stillness immediately after the rain
時間停駐與事件餘韻,黎明之前,the sleepless blue stillness shortly before dawn
時間停駐與事件餘韻,黃昏將盡,the fading warmth of the final minutes before daylight disappears
時間停駐與事件餘韻,災後寂靜,an eerie aftermath where the danger has passed but the environment still remembers it
時間停駐與事件餘韻,夢醒前,the unstable hush of a dream moments before waking
時間停駐與事件餘韻,錯過之後,the quiet emotional residue of arriving one moment too late
空間承載情緒,房間屏息,the room feels as though it is quietly holding its breath around the subject
空間承載情緒,黑暗聚攏,soft darkness gathering around the subject without swallowing important detail
空間承載情緒,沉默落下,silence settling over the furniture and empty spaces like fine dust
空間承載情緒,空間過於寬大,an emotionally oversized space making the solitary figure feel small and unprotected
空間承載情緒,天花板壓低,"the architecture feels subtly oppressive, as though the ceiling is pressing downward"
空間承載情緒,門口猶豫,the threshold carries the tension of someone unsure whether to enter or leave
空間承載情緒,窗外遙遠,the world beyond the window feels emotionally distant and unreachable
空間承載情緒,生活痕跡仍在,"ordinary traces of recent human presence remain, making the absence feel more intimate"
空間承載情緒,環境保持禮貌距離,"the environment remains visually quiet, giving the emotion room to exist"
空間承載情緒,景物共同沉默,every object in the scene appears to participate in the same restrained silence
關係暗流與未說出口,未說破的親密,unspoken intimacy held in restrained eye contact and the small distance between them
關係暗流與未說出口,尚未和解,the unresolved tenderness of two people who have not yet forgiven each other
關係暗流與未說出口,害怕失去,quiet attachment shadowed by the fear that this moment will not last
關係暗流與未說出口,熟悉卻疏遠,the ache of familiarity between people who now feel emotionally far apart
關係暗流與未說出口,信任剛萌生,fragile trust beginning to form through cautious proximity and softened posture
關係暗流與未說出口,單方面察覺,one person has understood the emotional truth while the other remains unaware
關係暗流與未說出口,共同隱瞞,a shared secret quietly shaping the space between the characters
關係暗流與未說出口,照顧中的疲憊,tender care carried out through visible exhaustion rather than idealized sweetness
關係暗流與未說出口,危險的吸引,"mutual attraction complicated by restraint, suspicion and latent danger"
關係暗流與未說出口,只差一步,a charged distance of one unfinished gesture between the characters
感官氣候與材質,潮濕寂靜,humid nocturnal stillness with damp surfaces and softened distant sound
感官氣候與材質,乾冷疏離,dry cold air with crisp shadows and emotionally distant clarity
感官氣候與材質,悶熱不安,heavy stagnant heat making the air feel difficult to breathe
感官氣候與材質,帶灰塵的暖意,dusty amber warmth carrying the tenderness of an old memory
感官氣候與材質,電流般緊張,"an electrically charged atmosphere, as if the air itself anticipates impact"
感官氣候與材質,天鵝絨般黑暗,velvet-soft darkness with luminous detail emerging gradually from shadow
感官氣候與材質,玻璃般脆弱,a crystalline fragile atmosphere where every sound seems capable of breaking the moment
感官氣候與材質,煙霧般記憶,memory-like haze softening spatial boundaries without erasing the focal subject
可直接使用的氛圍片段,意外撞見,"the scene feels accidentally witnessed rather than deliberately posed, preserving an intimate sense of privacy"
可直接使用的氛圍片段,視覺沉默,"subtle visual silence, restrained composition and unresolved emotional tension"
可直接使用的氛圍片段,深夜屏息包,"an emotionally suspended late-night atmosphere, as if the room is quietly holding its breath; soft darkness gathers around the subject while the visible practical lights preserve intimate facial detail"
可直接使用的氛圍片段,雨夜疏離包,a rain-muted atmosphere filled with wet reflections and distant city glow; the subject feels physically present yet emotionally separated from the world beyond the glass
可直接使用的氛圍片段,散場餘韻包,"the exhausted quiet after a performance has ended, with abandoned light, disturbed fabric and fading reflections preserving the memory of movement"
可直接使用的氛圍片段,溫柔日常包,"lived-in warmth shaped by small imperfections, shared routines and unguarded gestures; the moment feels emotionally truthful rather than staged"
可直接使用的氛圍片段,宏大孤獨包,"a tiny solitary figure surrounded by an immense indifferent landscape, with deep atmospheric perspective turning physical distance into emotional silence"
可直接使用的氛圍片段,危險曖昧包,"restrained sensual tension beneath formal composure, mutual awareness concealed behind controlled posture, with danger remaining quiet but unmistakably present"
情緒、關係與心理,孤獨,loneliness visualized as a small figure surrounded by excessive negative space and unreachable pools of light
情緒、關係與心理,依附,attachment visualized through two forms connected by a fragile luminous thread that tightens with distance
情緒、關係與心理,失去,absence represented by a precisely preserved empty space where someone should have been
情緒、關係與心理,哀傷,grief behaving like dark water slowly rising through an ordinary room
情緒、關係與心理,焦慮,anxiety visualized as repeating almost-identical doorways narrowing toward the subject
情緒、關係與心理,壓抑,suppressed emotion appearing as dense shadow trapped beneath a calm translucent surface
情緒、關係與心理,信任,trust visualized as one figure leaning backward into another's unseen support
情緒、關係與心理,疏離,alienation expressed through aligned bodies separated by incompatible lighting and reflections
情緒、關係與心理,自我分裂,a single identity divided across reflections that each reveal a different emotional truth
情緒、關係與心理,情緒麻木,"emotional numbness represented by muted color, delayed reflections and gestures that stop halfway"
情緒、關係與心理,渴望被看見,the desire to be seen visualized as a softly illuminated face behind layers of translucent obstruction
情緒、關係與心理,矛盾依戀,conflicted attachment shown through bodies moving closer while their shadows pull apart
時間、記憶與存在,時間流逝,the passage of time visualized through shifting light and accumulating traces across one continuous space
時間、記憶與存在,記憶褪色,"memory fading unevenly, with peripheral details dissolving before the emotional focal point"
時間、記憶與存在,記憶重疊,multiple moments occupying the same space as translucent temporal layers
時間、記憶與存在,無常,"impermanence expressed through beautiful structures quietly eroding into wind, water or light"
時間、記憶與存在,熵增,entropy visualized as an ordered environment gradually becoming irreversible organic disorder
時間、記憶與存在,循環,cyclical existence represented by a path returning to its beginning with subtle accumulated differences
時間、記憶與存在,命運,fate visualized as converging paths shaped by forces outside the characters' awareness
時間、記憶與存在,自由意志,free will visualized as one deliberate deviation breaking an otherwise perfect repeated pattern
時間、記憶與存在,存在的荒謬,existential absurdity presented with solemn cinematic seriousness inside an impossible ordinary situation
時間、記憶與存在,界線狀態,"a liminal state between arrival and departure, waking and dreaming, belonging and exile"
秩序、權力與社會,秩序與混亂,"order and chaos sharing one composition, with a precise system slowly invaded by organic irregularity"
秩序、權力與社會,控制與臣服,"control and surrender expressed through opposing body tension, height and spatial dominance"
秩序、權力與社會,監視,surveillance visualized through repeated distant viewpoints and architecture that appears to be watching
秩序、權力與社會,勞動異化,alienated labor represented by a human figure repeating a beautiful but meaningless task inside an endless system
秩序、權力與社會,制度壓力,institutional pressure visualized as immaculate structures compressing irregular human forms
秩序、權力與社會,選擇過載,too many equally illuminated paths producing paralysis rather than freedom
秩序、權力與社會,表面和諧,perfect visual symmetry concealing small signs of emotional or structural collapse
秩序、權力與社會,個體與群體,one irregular figure resisting the synchronized direction of a visually unified crowd
秩序、權力與社會,權力失衡,"unequal power expressed through scale, elevation, access to light and control of negative space"
秩序、權力與社會,失控,a carefully controlled composition beginning to fail at its edges
視覺轉譯方法與句型,情緒成為物質,"treat the emotion as a physical material that changes weight, texture, gravity and space"
視覺轉譯方法與句型,缺席成為空間,"represent absence through composition, preserved negative space and environmental traces rather than a literal missing-person symbol"
視覺轉譯方法與句型,關係成為距離,"translate the relationship into measurable distance, orientation, overlap and unequal access to light"
視覺轉譯方法與句型,時間成為變化,"show time through transformation across surfaces, light, growth, decay and accumulated use"
視覺轉譯方法與句型,概念主體化,one clear visual metaphor dominates the image while all secondary details reinforce the same idea
視覺轉譯方法與句型,避免直白符號,avoid literal icons and cliché symbols; express the concept through spatial behavior and material transformation
視覺轉譯方法與句型,抽象但可讀,"abstract yet emotionally legible, with one recognizable subject anchoring the visual metaphor"
視覺轉譯方法與句型,詩意現實,poetic realism where one impossible element behaves naturally inside an otherwise believable world
